<PAMDataset>
  <PAMRasterBand band="1">
    <Metadata>
      <MDI key="STATISTICS_COVARIANCES">125937.6333931551</MDI>
      <MDI key="STATISTICS_EXCLUDEDVALUES"></MDI>
      <MDI key="STATISTICS_MAXIMUM">3565.0146484375</MDI>
      <MDI key="STATISTICS_MEAN">1079.4146014927</MDI>
      <MDI key="STATISTICS_MINIMUM">399.45397949219</MDI>
      <MDI key="STATISTICS_SKIPFACTORX">1</MDI>
      <MDI key="STATISTICS_SKIPFACTORY">1</MDI>
      <MDI key="STATISTICS_STDDEV">354.87692710735</MDI>
    </Metadata>
  </PAMRasterBand>
</PAMDataset>
